epoch,loss,mae,val_loss,val_mae
0,27.589111328125,4.363222122192383,23.233800888061523,3.9440741539001465
1,22.099939346313477,3.8714144229888916,18.96875762939453,3.5667178630828857
2,17.77725601196289,3.493858575820923,15.192530632019043,3.2247567176818848
3,14.159810066223145,3.132284164428711,12.675880432128906,3.017411947250366
4,11.969222068786621,2.9188690185546875,11.658724784851074,2.92606520652771
5,10.841824531555176,2.7996723651885986,10.71224308013916,2.8550660610198975
6,9.96304702758789,2.7165238857269287,10.245210647583008,2.8180301189422607
7,9.561619758605957,2.6765007972717285,10.12465763092041,2.809743881225586
8,9.451690673828125,2.6634116172790527,10.071662902832031,2.804487943649292
9,9.395819664001465,2.6593732833862305,10.027350425720215,2.79754638671875
10,9.38786506652832,2.6582584381103516,10.024303436279297,2.786792755126953
11,9.35547924041748,2.6540262699127197,10.013029098510742,2.787492513656616
12,9.354723930358887,2.655467987060547,10.004373550415039,2.793696641921997
13,9.345769882202148,2.6526293754577637,10.007014274597168,2.7955408096313477
14,9.352394104003906,2.6547062397003174,10.011326789855957,2.7969188690185547
15,9.39831829071045,2.660295009613037,10.053009033203125,2.802351951599121
16,9.394362449645996,2.658100128173828,10.029457092285156,2.799781084060669
17,9.363367080688477,2.655484199523926,10.002676963806152,2.7961618900299072
18,9.335061073303223,2.6512627601623535,9.977489471435547,2.790332794189453
19,9.340600967407227,2.6521732807159424,9.997044563293457,2.795639991760254
20,9.346723556518555,2.653749465942383,9.970245361328125,2.7850241661071777
21,9.307352066040039,2.6486923694610596,9.964466094970703,2.7876479625701904
22,9.30872631072998,2.6490139961242676,9.96694278717041,2.7904441356658936
23,9.313749313354492,2.6489109992980957,9.95995807647705,2.783165693283081
24,9.29759693145752,2.6481075286865234,9.956658363342285,2.782752752304077
25,9.314327239990234,2.6495275497436523,9.971545219421387,2.779477834701538
26,9.307292938232422,2.6478800773620605,9.946798324584961,2.7838191986083984
27,9.319479942321777,2.650484085083008,9.9661226272583,2.7919609546661377
28,9.311301231384277,2.648249626159668,9.94110107421875,2.7829384803771973
29,9.323504447937012,2.6508219242095947,9.972855567932129,2.780036211013794
30,9.304862022399902,2.6448256969451904,9.938754081726074,2.779578924179077
31,9.278094291687012,2.64493989944458,9.934409141540527,2.7796294689178467
32,9.293932914733887,2.647610664367676,9.937263488769531,2.787468910217285
33,9.275789260864258,2.644956350326538,9.926280975341797,2.784308671951294
34,9.280878067016602,2.6423299312591553,9.936016082763672,2.7878634929656982
35,9.30774974822998,2.649320602416992,9.931131362915039,2.776155948638916
36,9.284518241882324,2.6463794708251953,9.939233779907227,2.775083541870117
37,9.28911304473877,2.6448724269866943,9.939608573913574,2.7752537727355957
38,9.279641151428223,2.6413779258728027,9.925271987915039,2.7745912075042725
39,9.286666870117188,2.643749475479126,9.940144538879395,2.7754836082458496
40,9.307897567749023,2.6476895809173584,9.955832481384277,2.7776100635528564
41,9.385505676269531,2.6603448390960693,10.028996467590332,2.784395217895508
42,9.356768608093262,2.6469578742980957,9.944074630737305,2.7760534286499023
43,9.29173755645752,2.6433815956115723,9.897005081176758,2.779999256134033
44,9.240052223205566,2.6394102573394775,9.894768714904785,2.7801308631896973
45,9.27059555053711,2.642361879348755,9.912631034851074,2.7713658809661865
46,9.250991821289062,2.6403415203094482,9.8912353515625,2.7751500606536865
47,9.23391342163086,2.6390316486358643,9.887399673461914,2.7753565311431885
48,9.230798721313477,2.6379780769348145,9.884517669677734,2.7749834060668945
49,9.275243759155273,2.648745536804199,9.909844398498535,2.785684585571289
50,9.25338363647461,2.6414551734924316,9.878122329711914,2.777448892593384
51,9.247016906738281,2.6435883045196533,9.892889976501465,2.769575357437134
52,9.233659744262695,2.638042449951172,9.877070426940918,2.7724649906158447
53,9.3972806930542,2.663022518157959,9.985675811767578,2.793172836303711
54,9.317445755004883,2.6495630741119385,9.87748908996582,2.7804219722747803
55,9.232308387756348,2.6377499103546143,9.868568420410156,2.7723336219787598
56,9.238131523132324,2.63921856880188,9.888854026794434,2.7682535648345947
57,9.251019477844238,2.637972831726074,9.865379333496094,2.7781684398651123
58,9.218523979187012,2.635462522506714,9.868644714355469,2.7795722484588623
59,9.21324634552002,2.6360573768615723,9.857450485229492,2.7761847972869873
60,9.228017807006836,2.639305353164673,9.868327140808105,2.7673990726470947
61,9.21126651763916,2.634488105773926,9.854039192199707,2.770378828048706
62,9.201946258544922,2.634796619415283,9.848406791687012,2.774195671081543
63,9.214160919189453,2.6366872787475586,9.86155891418457,2.779355049133301
64,9.207306861877441,2.6352243423461914,9.843249320983887,2.7736008167266846
65,9.190221786499023,2.6334023475646973,9.840211868286133,2.772331714630127
66,9.231016159057617,2.63920521736145,9.871216773986816,2.7813520431518555
67,9.224493026733398,2.6376640796661377,9.835441589355469,2.77058482170105
68,9.237622261047363,2.6440417766571045,9.871650695800781,2.7815327644348145
69,9.233539581298828,2.641451835632324,9.86754035949707,2.781033992767334
70,9.293257713317871,2.652189254760742,9.931486129760742,2.7874932289123535
71,9.286230087280273,2.6458733081817627,9.824392318725586,2.770407199859619
72,9.172873497009277,2.63108491897583,9.820972442626953,2.7693305015563965
73,9.196398735046387,2.6334288120269775,9.840728759765625,2.7617685794830322
74,9.18529987335205,2.6312174797058105,9.819955825805664,2.7654507160186768
75,9.168363571166992,2.630089282989502,9.811450004577637,2.7684361934661865
76,9.206734657287598,2.6383488178253174,9.842555046081543,2.7781429290771484
77,9.198566436767578,2.6376163959503174,9.829277992248535,2.776237726211548
78,9.176667213439941,2.633134603500366,9.803071022033691,2.769989490509033
79,9.155257225036621,2.62937593460083,9.799901962280273,2.7698802947998047
80,9.153085708618164,2.6291232109069824,9.797628402709961,2.769904851913452
81,9.162772178649902,2.6301236152648926,9.798497200012207,2.761857748031616
82,9.148063659667969,2.6271796226501465,9.788784980773926,2.7641031742095947
83,9.140714645385742,2.6254897117614746,9.785143852233887,2.7635064125061035
84,9.138964653015137,2.627016067504883,9.783385276794434,2.7620651721954346
85,9.134851455688477,2.6260759830474854,9.776763916015625,2.763784646987915
86,9.235093116760254,2.638868570327759,9.855154037475586,2.7795753479003906
87,9.311746597290039,2.6455578804016113,9.933662414550781,2.785609006881714
88,9.264389991760254,2.646667003631592,9.789493560791016,2.7716681957244873
89,9.18985652923584,2.6352851390838623,9.78454303741455,2.7553725242614746
90,9.201261520385742,2.631108283996582,9.795001983642578,2.7728328704833984
91,9.145967483520508,2.6263718605041504,9.764223098754883,2.767244338989258
92,9.18626880645752,2.6338093280792236,9.822845458984375,2.776163101196289
93,9.174756050109863,2.634829521179199,9.774701118469238,2.7702410221099854
94,9.142373085021973,2.6260881423950195,9.771317481994629,2.769892692565918
95,9.125914573669434,2.6275196075439453,9.748517036437988,2.7656829357147217
96,9.1039400100708,2.622526168823242,9.735945701599121,2.761596441268921
97,9.092395782470703,2.6211166381835938,9.729972839355469,2.760286569595337
98,9.087179183959961,2.620436429977417,9.725547790527344,2.75888991355896
99,9.095709800720215,2.623189926147461,9.732190132141113,2.752633810043335
100,9.099427223205566,2.6211278438568115,9.719879150390625,2.761533260345459
101,9.081381797790527,2.620194673538208,9.711520195007324,2.755411148071289
102,9.070540428161621,2.6185364723205566,9.707334518432617,2.7551116943359375
103,9.065788269042969,2.6172940731048584,9.700660705566406,2.7553794384002686
104,9.060229301452637,2.6165695190429688,9.69480037689209,2.755807876586914
105,9.071876525878906,2.6188364028930664,9.703756332397461,2.7613461017608643
106,9.075929641723633,2.620607614517212,9.703605651855469,2.7617762088775635
107,9.138821601867676,2.6296637058258057,9.727340698242188,2.744933605194092
108,9.077618598937988,2.6148903369903564,9.673396110534668,2.750791072845459
109,9.039902687072754,2.6145741939544678,9.671998977661133,2.7477529048919678
110,9.035866737365723,2.6125423908233643,9.659136772155762,2.752934217453003
111,9.022704124450684,2.612356662750244,9.651371002197266,2.750640869140625
112,9.019322395324707,2.614065408706665,9.645992279052734,2.752758741378784
113,9.011421203613281,2.610344648361206,9.636207580566406,2.750682830810547
114,9.044379234313965,2.613161563873291,9.665452003479004,2.737565040588379
115,9.033943176269531,2.6098382472991943,9.642889022827148,2.738557815551758
116,9.010231018066406,2.6059844493865967,9.625008583068848,2.7395994663238525
117,9.00143051147461,2.606724977493286,9.610102653503418,2.749506711959839
118,8.992093086242676,2.6074233055114746,9.613609313964844,2.7514095306396484
119,9.081482887268066,2.617307186126709,9.70788860321045,2.762754440307617
120,9.069116592407227,2.6254522800445557,9.61737060546875,2.7529356479644775
121,9.027668952941895,2.6199615001678467,9.638351440429688,2.7558300495147705
122,9.095602035522461,2.6317591667175293,9.702136039733887,2.7616536617279053
123,9.053768157958984,2.6229093074798584,9.56251049041748,2.743839979171753
124,8.936179161071777,2.602877378463745,9.546794891357422,2.7375760078430176
125,8.921886444091797,2.5991079807281494,9.536669731140137,2.7346913814544678
126,8.93305778503418,2.597947835922241,9.544800758361816,2.7440733909606934
127,8.974638938903809,2.6083168983459473,9.563556671142578,2.723454475402832
128,8.935091018676758,2.5930275917053223,9.518343925476074,2.726515054702759
129,8.934686660766602,2.598668098449707,9.529654502868652,2.743429183959961
130,8.904834747314453,2.6026856899261475,9.480453491210938,2.734593152999878
131,8.868767738342285,2.5952961444854736,9.470410346984863,2.7245731353759766
132,8.889274597167969,2.5932188034057617,9.491917610168457,2.7391645908355713
133,8.87132453918457,2.598033905029297,9.440536499023438,2.7263123989105225
134,8.837474822998047,2.590686321258545,9.444689750671387,2.7183287143707275
135,8.82513427734375,2.5810556411743164,9.41414737701416,2.720543622970581
136,8.807384490966797,2.5838968753814697,9.407878875732422,2.715855598449707
137,8.800743103027344,2.586398124694824,9.395556449890137,2.7139790058135986
138,8.787626266479492,2.5789008140563965,9.378997802734375,2.712714433670044
139,8.77873706817627,2.5776054859161377,9.365776062011719,2.722907304763794
140,8.823657035827637,2.595999002456665,9.42847728729248,2.699218988418579
141,8.832273483276367,2.5798089504241943,9.371527671813965,2.6998512744903564
142,8.748893737792969,2.5675220489501953,9.29785442352295,2.7105109691619873
143,8.696423530578613,2.5718467235565186,9.273210525512695,2.7066171169281006
144,8.73613166809082,2.5810017585754395,9.3579740524292,2.6887946128845215
145,8.722742080688477,2.556981325149536,9.232298851013184,2.703437089920044
146,8.639643669128418,2.565730571746826,9.210810661315918,2.7002015113830566
147,8.63744068145752,2.5635268688201904,9.213274002075195,2.7056965827941895
148,8.660009384155273,2.5776915550231934,9.254880905151367,2.6797308921813965
149,8.64697265625,2.550647735595703,9.149768829345703,2.6840474605560303
150,8.567058563232422,2.5485548973083496,9.131985664367676,2.6941893100738525
151,8.63779354095459,2.565340042114258,9.237815856933594,2.7086639404296875
152,8.632234573364258,2.583967924118042,9.071131706237793,2.6850013732910156
153,8.593358039855957,2.5593388080596924,9.223368644714355,2.705749988555908
154,8.786788940429688,2.596813917160034,9.281454086303711,2.7120115756988525
155,8.732217788696289,2.6041228771209717,9.112164497375488,2.6939620971679688
156,8.516963005065918,2.5650362968444824,9.000253677368164,2.664158582687378
157,8.44340991973877,2.5310935974121094,9.020865440368652,2.6828806400299072
158,8.445958137512207,2.5547025203704834,8.92305850982666,2.6638734340667725
159,8.368120193481445,2.5329971313476562,8.908146858215332,2.6526901721954346
160,8.438977241516113,2.5365240573883057,9.072102546691895,2.6372711658477783
161,8.423981666564941,2.4967870712280273,8.829399108886719,2.6542389392852783
162,8.284356117248535,2.526278495788574,8.825376510620117,2.635673999786377
163,8.345905303955078,2.5209505558013916,8.923731803894043,2.622422456741333
164,8.300312042236328,2.4895071983337402,8.725247383117676,2.640138626098633
165,8.230531692504883,2.523435354232788,8.923701286315918,2.6095311641693115
166,8.432708740234375,2.5068764686584473,8.760764122009277,2.6074655055999756
167,8.169609069824219,2.4827969074249268,8.667603492736816,2.6342098712921143
168,8.125530242919922,2.509432792663574,8.659838676452637,2.598853826522827
169,8.16390609741211,2.490433692932129,8.612236976623535,2.5935139656066895
170,8.150500297546387,2.4789304733276367,8.6791410446167,2.5805037021636963
171,8.125626564025879,2.4684133529663086,8.4591703414917,2.5908679962158203
172,7.961474895477295,2.4723150730133057,8.459933280944824,2.5739243030548096
173,7.923095703125,2.4492876529693604,8.42840576171875,2.6005492210388184
174,7.909440994262695,2.482816696166992,8.407825469970703,2.559171676635742
175,7.861366271972656,2.431189775466919,8.329498291015625,2.585695266723633
176,7.820676803588867,2.4736783504486084,8.268786430358887,2.5462841987609863
177,7.8234782218933105,2.440250873565674,8.297086715698242,2.5319712162017822
178,7.729280948638916,2.4071013927459717,8.33154582977295,2.601916551589966
179,8.052206039428711,2.525177001953125,12.533829689025879,2.642954111099243
180,11.241812705993652,2.6452786922454834,8.133652687072754,2.549435615539551
181,7.670182228088379,2.4421327114105225,8.247291564941406,2.5083305835723877
182,7.678874969482422,2.387479543685913,8.096179008483887,2.5502748489379883
183,7.61994743347168,2.434865951538086,7.9618024826049805,2.5096259117126465
184,7.651606559753418,2.4294016361236572,8.93174934387207,2.480823516845703
185,8.515045166015625,2.4286916255950928,7.887027263641357,2.4922618865966797
186,7.457684516906738,2.385694742202759,7.996182918548584,2.5459752082824707
187,7.4667067527771,2.426264524459839,8.016944885253906,2.449101209640503
188,8.007339477539062,2.448716402053833,9.380406379699707,2.452667713165283
189,8.631500244140625,2.3913791179656982,7.808882236480713,2.507412910461426
190,7.346810340881348,2.398369073867798,7.689876556396484,2.4357755184173584
191,7.232012748718262,2.334341049194336,7.656874656677246,2.491482734680176
192,7.188715934753418,2.3813562393188477,8.652091979980469,2.3974356651306152
193,8.534476280212402,2.3990886211395264,7.504397869110107,2.4124677181243896
194,7.270365238189697,2.365001678466797,8.645384788513184,2.3705644607543945
195,7.426111698150635,2.235029458999634,7.444258689880371,2.4611895084381104
196,7.547723770141602,2.422727346420288,9.875880241394043,2.769498348236084
197,9.193310737609863,2.6502349376678467,7.770251750946045,2.519549608230591
198,7.744874954223633,2.451260566711426,8.92257022857666,2.671767234802246
199,8.122004508972168,2.5169174671173096,7.178551197052002,2.358076333999634
200,6.813121318817139,2.2827517986297607,7.068303108215332,2.3687384128570557
201,6.782330513000488,2.2968990802764893,7.8432512283325195,2.2912628650665283
202,7.351703643798828,2.2836427688598633,7.167860984802246,2.290776014328003
203,6.6268229484558105,2.2034425735473633,7.573355197906494,2.498684883117676
204,7.438323497772217,2.409729480743408,8.545125961303711,2.625342845916748
205,7.711125373840332,2.4538562297821045,6.967270851135254,2.255969285964966
206,6.773007869720459,2.213397979736328,7.094274520874023,2.230492115020752
207,6.854693412780762,2.225919485092163,6.818512916564941,2.231032609939575
208,6.767061710357666,2.2443182468414307,8.648731231689453,2.2148592472076416
209,8.484078407287598,2.243138313293457,9.250497817993164,2.705132007598877
210,8.510907173156738,2.554701805114746,6.7560858726501465,2.31579327583313
211,6.71379280090332,2.249983549118042,8.569190979003906,2.626342535018921
212,8.001026153564453,2.478106737136841,6.777828693389893,2.3391053676605225
213,6.339129447937012,2.210200071334839,6.545989990234375,2.173091173171997
214,6.693119049072266,2.2235608100891113,11.202269554138184,2.3789730072021484
215,10.944506645202637,2.46397066116333,10.143710136413574,2.7995991706848145
216,9.390353202819824,2.6619529724121094,8.86020278930664,2.6584510803222656
217,8.20570182800293,2.511647939682007,7.08945894241333,2.346614122390747
218,6.665101051330566,2.2152249813079834,6.670128345489502,2.2386069297790527
219,6.379970073699951,2.1648998260498047,7.409668922424316,2.0791008472442627
220,6.801332473754883,2.0465216636657715,6.7387919425964355,2.3165712356567383
221,6.541368007659912,2.2037763595581055,8.017223358154297,2.551828145980835
222,6.9906415939331055,2.334744691848755,7.957254409790039,2.067777633666992
223,8.564704895019531,2.2808215618133545,7.3425726890563965,2.437370777130127
224,6.856066703796387,2.279658555984497,7.124892234802246,2.4113411903381348
225,6.549259662628174,2.2216622829437256,6.2722296714782715,2.227231979370117
226,6.1511359214782715,2.129168748855591,7.469679832458496,2.47586727142334
227,6.597867965698242,2.261662483215332,5.982993125915527,2.075490951538086
228,5.752784252166748,2.034125328063965,5.890447616577148,2.1220006942749023
229,5.776898384094238,2.049095392227173,6.891330718994141,2.387118339538574
230,7.7458953857421875,2.3851592540740967,11.630200386047363,2.926454544067383
231,10.83444881439209,2.815690040588379,10.654644012451172,2.8505001068115234
232,10.106965065002441,2.752462148666382,10.490568161010742,2.8346641063690186
233,9.783243179321289,2.700000524520874,10.104266166687012,2.8014068603515625
234,9.432229995727539,2.667577028274536,9.930554389953613,2.7883353233337402
235,9.264957427978516,2.64462947845459,9.805272102355957,2.7736246585845947
236,9.150269508361816,2.6301181316375732,9.685464859008789,2.755690336227417
237,9.193573951721191,2.6383743286132812,9.662504196166992,2.7568063735961914
238,8.983088493347168,2.608184814453125,8.924958229064941,2.6644957065582275
239,8.263460159301758,2.5149312019348145,6.593989849090576,2.269404411315918
240,6.099494457244873,2.101773738861084,6.084897041320801,2.0079545974731445
241,5.7941718101501465,1.982391357421875,5.872309684753418,1.9806026220321655
242,5.638216495513916,1.9506670236587524,5.751201152801514,2.081242799758911
243,5.653546333312988,2.0127222537994385,6.658270359039307,2.3426082134246826
244,7.002499103546143,2.2615602016448975,10.61806583404541,2.8406624794006348
245,9.880358695983887,2.7049567699432373,9.015717506408691,2.674227237701416
246,8.182473182678223,2.508327007293701,5.753492832183838,2.0213565826416016
247,5.61859655380249,1.974830985069275,6.6553120613098145,2.340909481048584
248,6.681301593780518,2.240518093109131,9.295729637145996,2.7051894664764404
249,8.311128616333008,2.536527156829834,5.654021263122559,1.9048590660095215
250,5.552743434906006,1.9396499395370483,6.441194534301758,1.8970627784729004
251,6.784966945648193,2.053366184234619,5.487792491912842,1.979430913925171
252,5.92582368850708,2.0079681873321533,11.168383598327637,2.883044481277466
253,10.328121185302734,2.759899139404297,9.397043228149414,2.717613935470581
254,8.687499046325684,2.581503391265869,6.178389072418213,2.2088065147399902
255,5.932605743408203,2.066790819168091,6.50303840637207,2.300830125808716
256,7.01694393157959,2.2764651775360107,10.592547416687012,2.840576410293579
257,9.893071174621582,2.70762300491333,9.425154685974121,2.7208640575408936
258,8.49256420135498,2.550856351852417,5.746379852294922,1.894079566001892
259,5.6221137046813965,1.9126418828964233,6.147414207458496,1.8649218082427979
260,6.329030513763428,2.0207223892211914,7.3152265548706055,2.1179065704345703
261,7.803933143615723,2.2337987422943115,7.738710880279541,2.5016942024230957
262,6.650044918060303,2.230797290802002,5.885934352874756,1.818489909172058
263,5.34243631362915,1.7543065547943115,6.202069282531738,2.2512259483337402
264,6.854870796203613,2.2699968814849854,11.174619674682617,2.888460636138916
265,10.36181926727295,2.7666850090026855,10.027503967285156,2.7852344512939453
266,9.307005882263184,2.6522481441497803,8.645602226257324,2.628019332885742
267,7.867811679840088,2.458569288253784,5.94450044631958,1.9895638227462769
268,5.756429672241211,1.9047776460647583,7.391683578491211,2.452920436859131
269,6.620488166809082,2.1772422790527344,6.5413126945495605,2.318904161453247
270,6.059945583343506,2.1356420516967773,5.6434712409973145,2.1202754974365234
271,5.8040547370910645,2.059354305267334,9.096774101257324,2.677438497543335
272,7.9127116203308105,2.455615282058716,5.176107883453369,1.8233550786972046
273,5.138509750366211,1.8705343008041382,6.144207000732422,1.9501501321792603
274,6.631150722503662,2.104790687561035,8.723669052124023,2.371047258377075
275,7.278735160827637,2.2405879497528076,7.222563743591309,2.4360463619232178
276,6.035571575164795,2.0901331901550293,5.170480251312256,1.7783000469207764
277,5.006727695465088,1.7790812253952026,5.2531538009643555,2.0087921619415283
278,5.2804789543151855,1.9150577783584595,6.592585563659668,2.332310438156128
279,6.797805309295654,2.2635059356689453,10.613962173461914,2.831690788269043
280,9.600265502929688,2.686227321624756,5.243493556976318,1.9325535297393799
281,5.065627098083496,1.8606257438659668,5.31170129776001,1.7701122760772705
282,5.1035237312316895,1.7627673149108887,5.135100841522217,1.94514000415802
283,5.194170951843262,1.918892741203308,5.958312034606934,2.2090930938720703
284,6.062036991119385,2.148362874984741,6.177359104156494,2.2546544075012207
285,5.598545551300049,1.9843189716339111,5.581874847412109,2.1209535598754883
286,5.906684875488281,2.0976803302764893,8.578667640686035,2.61508846282959
287,6.852005958557129,2.2678141593933105,6.395718097686768,2.0598304271698
288,6.896024227142334,2.189309597015381,6.575481414794922,2.0909862518310547
289,5.6995344161987305,1.9821727275848389,4.8624587059021,1.8182381391525269
290,4.868409156799316,1.8140314817428589,4.866186618804932,1.8445504903793335
291,4.949490547180176,1.8255635499954224,5.538334846496582,2.1105732917785645
292,5.249001502990723,2.0020060539245605,4.941830158233643,1.7212743759155273
293,4.94082498550415,1.79147207736969,5.395023345947266,1.8456023931503296
294,5.14727783203125,1.859643578529358,4.7872138023376465,1.7787872552871704
295,4.800717353820801,1.7761353254318237,4.783384799957275,1.7772682905197144
296,4.783536434173584,1.7733522653579712,4.839374542236328,1.7078144550323486
297,4.909315586090088,1.764069676399231,5.527071475982666,1.9097172021865845
298,5.281698226928711,1.9348962306976318,6.329344272613525,2.0908896923065186
299,6.594602584838867,2.186699628829956,7.306249618530273,2.2437610626220703
300,7.123412609100342,2.1958377361297607,8.238365173339844,2.573575496673584
301,7.711443901062012,2.4346134662628174,5.529460906982422,2.1082706451416016
302,5.417730808258057,2.006216049194336,6.151716709136963,2.246330499649048
303,6.166778564453125,2.1846094131469727,8.2564058303833,2.5674538612365723
304,6.984401702880859,2.263805866241455,4.786767482757568,1.8378528356552124
305,4.752567768096924,1.8002228736877441,4.9570841789245605,1.7540086507797241
306,4.840641975402832,1.7735381126403809,4.706916809082031,1.699641227722168
307,4.809316158294678,1.7571054697036743,5.714033603668213,1.9571428298950195
308,5.517704010009766,1.9547542333602905,4.778032302856445,1.7045202255249023
309,4.727663993835449,1.7059861421585083,4.883958339691162,1.8995293378829956
310,4.830082893371582,1.841775894165039,4.660905838012695,1.7273300886154175
311,4.731674671173096,1.7444748878479004,4.68425989151001,1.750807523727417
312,4.7622833251953125,1.7646366357803345,4.8994526863098145,1.906943917274475
313,4.783482074737549,1.8116260766983032,4.9019775390625,1.7624038457870483
314,4.833959102630615,1.7893401384353638,5.030963897705078,1.7894116640090942
315,4.964069366455078,1.8479206562042236,5.1132402420043945,1.8184294700622559
316,5.199505805969238,1.9147518873214722,7.150310516357422,2.233623743057251
317,6.507976531982422,2.128831148147583,6.1004509925842285,2.2338783740997314
318,6.187028884887695,2.1741929054260254,8.399045944213867,2.585812568664551
319,7.261259078979492,2.3316471576690674,4.658519744873047,1.7134361267089844
320,4.724269390106201,1.7528444528579712,5.623582363128662,1.9525443315505981
321,5.68399715423584,1.99347722530365,6.7436137199401855,2.158144474029541
322,5.987344741821289,2.0577802658081055,6.846055030822754,2.154564619064331
323,6.094738483428955,2.072770118713379,5.945690155029297,1.9919730424880981
324,5.683784484863281,1.9900230169296265,7.370591640472412,2.2137937545776367
325,7.828160762786865,2.310964822769165,5.615894794464111,1.9354846477508545
326,5.269017696380615,1.9003159999847412,4.626425743103027,1.679799199104309
327,4.670759677886963,1.7061176300048828,4.674234390258789,1.7831016778945923
328,4.729017734527588,1.7758203744888306,4.631067752838135,1.6804219484329224
329,4.673418998718262,1.7100424766540527,4.742700099945068,1.7194381952285767
330,4.681274890899658,1.7062093019485474,4.617772579193115,1.7507615089416504
331,4.687321662902832,1.7595617771148682,4.670983791351318,1.6981559991836548
332,4.696259021759033,1.7269096374511719,4.827785968780518,1.7463942766189575
333,4.770421504974365,1.7609755992889404,4.600939750671387,1.6889194250106812
334,4.672238826751709,1.7123775482177734,4.7586283683776855,1.7355539798736572
335,4.682291507720947,1.7162410020828247,4.831996917724609,1.8776791095733643
336,4.826959609985352,1.8389149904251099,4.597597599029541,1.6978528499603271
337,4.661564350128174,1.7111173868179321,4.60072660446167,1.7204147577285767
338,4.677133083343506,1.7278324365615845,4.619992733001709,1.7414668798446655
339,4.671761989593506,1.7465113401412964,4.62458610534668,1.693662166595459
340,4.646642208099365,1.6997661590576172,4.6107258796691895,1.7303193807601929
341,4.678568363189697,1.7245844602584839,4.594077110290527,1.6938813924789429
342,4.7019805908203125,1.7207506895065308,4.636318206787109,1.7744011878967285
343,4.829031467437744,1.7986745834350586,5.044844150543213,1.9650171995162964
344,5.0658769607543945,1.9384793043136597,4.536645889282227,1.689204216003418
345,4.6417155265808105,1.7171672582626343,4.546172618865967,1.6652333736419678
346,4.62559700012207,1.6988723278045654,4.533176422119141,1.6705472469329834
347,4.628289222717285,1.7063655853271484,4.772854804992676,1.7458854913711548
348,4.696739196777344,1.7503125667572021,4.562187671661377,1.7069857120513916
349,4.696883201599121,1.7506107091903687,4.600214958190918,1.7421096563339233
350,4.645967483520508,1.7406816482543945,5.292268753051758,1.9119828939437866
351,5.095183372497559,1.878636121749878,4.760151386260986,1.758683204650879
352,4.689038276672363,1.7611334323883057,5.151650905609131,1.9970409870147705
353,4.95741605758667,1.904415249824524,4.535811901092529,1.6684626340866089
354,4.62263822555542,1.7032482624053955,4.591302394866943,1.747899055480957
355,4.72136116027832,1.777190089225769,4.5347747802734375,1.6794310808181763
356,4.6665520668029785,1.7178128957748413,4.530163288116455,1.7045581340789795
357,4.633011817932129,1.7301348447799683,4.590455532073975,1.6976810693740845
358,4.680369853973389,1.7372188568115234,4.907695770263672,1.7957572937011719
359,4.750566005706787,1.7860602140426636,4.494067192077637,1.6614174842834473
360,4.633251667022705,1.7068233489990234,4.84530782699585,1.771201252937317
361,4.781813621520996,1.77400541305542,4.575068473815918,1.689700722694397
362,4.703685760498047,1.7370986938476562,5.1257758140563965,1.8565644025802612
363,5.099148273468018,1.8587969541549683,4.787813186645508,1.7505760192871094
364,4.667564392089844,1.7675246000289917,4.590268135070801,1.7553523778915405
365,4.693737506866455,1.7736871242523193,4.494699001312256,1.6569416522979736
366,4.6051025390625,1.6959677934646606,4.5887227058410645,1.6935878992080688
367,4.647213935852051,1.7337145805358887,4.609175682067871,1.6991623640060425
368,4.647715091705322,1.7173290252685547,4.543839454650879,1.6824216842651367
369,4.609072685241699,1.710063099861145,4.5811357498168945,1.7445558309555054
370,4.773956298828125,1.7937259674072266,4.561000823974609,1.7349205017089844
371,4.645748138427734,1.752396821975708,4.732010364532471,1.742145299911499
372,4.706449031829834,1.7492607831954956,4.559040069580078,1.6945762634277344
373,4.630856513977051,1.7147349119186401,4.584255218505859,1.6972999572753906
374,4.663177490234375,1.7265539169311523,4.564141273498535,1.6946499347686768
375,4.61259651184082,1.7080622911453247,4.524946689605713,1.6679085493087769
376,4.623987674713135,1.6933659315109253,4.533092498779297,1.6696947813034058
377,4.659728050231934,1.7109090089797974,4.8330979347229,1.7565454244613647
378,4.95870304107666,1.8320767879486084,5.851248741149902,1.9953765869140625
379,5.18261194229126,1.889952301979065,4.727874755859375,1.841217041015625
380,4.87729024887085,1.8589086532592773,4.490785121917725,1.654857873916626
381,4.620162010192871,1.6946526765823364,4.931920051574707,1.799538493156433
382,4.6731438636779785,1.7528091669082642,4.8396315574646,1.89214289188385
383,4.773201942443848,1.8714977502822876,5.362184047698975,1.911329746246338
384,5.191075801849365,1.8795733451843262,4.7832932472229,1.7480298280715942
385,4.826855182647705,1.7859240770339966,4.567793369293213,1.6930122375488281
386,4.601568698883057,1.7110649347305298,4.563795566558838,1.7382621765136719
387,4.7059125900268555,1.7695825099945068,4.511484622955322,1.6933459043502808
388,4.659765243530273,1.7437117099761963,4.502956390380859,1.6825969219207764
389,4.606802463531494,1.7045255899429321,4.553783416748047,1.6866049766540527
390,4.594111442565918,1.7095304727554321,4.542719841003418,1.7259949445724487
391,4.618896961212158,1.7454968690872192,5.1077704429626465,1.8544648885726929
392,4.899555206298828,1.807198166847229,4.590572834014893,1.6916075944900513
393,4.60817289352417,1.7207844257354736,4.713517189025879,1.8326905965805054
394,4.825545310974121,1.81265127658844,4.5378241539001465,1.7206079959869385
395,4.63910436630249,1.7279146909713745,4.561654567718506,1.6891529560089111
396,4.5982208251953125,1.7051373720169067,4.499419212341309,1.6559269428253174
397,4.600143909454346,1.6956301927566528,4.553864479064941,1.739672064781189
398,4.628631114959717,1.7381318807601929,4.579740047454834,1.6842902898788452
399,4.604462146759033,1.7115952968597412,4.5338215827941895,1.6674214601516724
400,4.594475269317627,1.7027807235717773,4.518199443817139,1.6670634746551514
401,4.591586589813232,1.698746681213379,4.550546169281006,1.7348604202270508
402,4.664778709411621,1.760599970817566,5.981464385986328,2.028899669647217
403,5.112041473388672,1.8343459367752075,4.484830856323242,1.6656522750854492
404,4.584427833557129,1.6930196285247803,4.592716217041016,1.6935973167419434
405,4.590224266052246,1.7188403606414795,4.532011985778809,1.7187632322311401
406,4.728893756866455,1.758205533027649,4.5953755378723145,1.7686659097671509
407,4.764914512634277,1.780128002166748,4.576085090637207,1.7597306966781616
408,4.639254093170166,1.7446423768997192,4.6460280418396,1.706531286239624
409,4.622821807861328,1.7250386476516724,4.49502420425415,1.6630744934082031
410,4.627787113189697,1.7094725370407104,4.728132724761963,1.7350642681121826
411,4.663118362426758,1.7446460723876953,4.534551620483398,1.6712274551391602
412,4.57373571395874,1.7020026445388794,4.47007417678833,1.6601908206939697
413,4.583166599273682,1.6986528635025024,4.523048400878906,1.6710833311080933
414,4.585702419281006,1.7032318115234375,4.555097579956055,1.7441136837005615
415,4.646470069885254,1.7549265623092651,4.567807674407959,1.6868524551391602
416,4.600502014160156,1.707471489906311,4.536537170410156,1.6737828254699707
417,4.595099925994873,1.7073280811309814,4.5709123611450195,1.683968186378479
418,4.595249652862549,1.7104637622833252,4.504715442657471,1.6669156551361084
419,4.607356548309326,1.6926003694534302,4.4771013259887695,1.6668609380722046
420,4.612165927886963,1.7165440320968628,4.4998393058776855,1.6829715967178345
421,4.588874340057373,1.7056266069412231,4.586694240570068,1.6766629219055176
422,4.581423759460449,1.7045836448669434,4.452042102813721,1.6583123207092285
423,4.609701156616211,1.706777572631836,4.793648719787598,1.7534734010696411
424,4.699596881866455,1.7596392631530762,4.582775115966797,1.6732510328292847
425,4.580644130706787,1.6987191438674927,4.475086212158203,1.656816005706787
426,4.5939621925354,1.7028312683105469,4.50880765914917,1.7090424299240112
427,4.66137170791626,1.7329986095428467,4.489611625671387,1.6830623149871826
428,4.61668586730957,1.7011470794677734,4.47950553894043,1.6794967651367188
429,4.682135105133057,1.73451828956604,4.52901029586792,1.7442522048950195
430,4.757094383239746,1.7871395349502563,4.508528232574463,1.730995774269104
431,4.6222639083862305,1.7513489723205566,5.230470657348633,1.8456411361694336
432,5.001367568969727,1.80526864528656,4.442965030670166,1.6604329347610474
433,4.621740341186523,1.7114299535751343,4.470815658569336,1.6916849613189697
434,4.596421718597412,1.7224781513214111,4.579657077789307,1.6629436016082764
435,4.580732822418213,1.7152992486953735,4.538945198059082,1.753682017326355
436,4.670653820037842,1.7706079483032227,4.47355842590332,1.6424381732940674
437,4.6185526847839355,1.7114177942276,4.784189224243164,1.750699520111084
438,4.710973262786865,1.7466793060302734,4.573434352874756,1.6703990697860718
439,4.71724796295166,1.7461650371551514,4.7047505378723145,1.7223434448242188
440,4.638000965118408,1.7395297288894653,4.52106237411499,1.6568588018417358
441,4.561124324798584,1.6985448598861694,4.467761993408203,1.6863247156143188
442,4.580554008483887,1.7201653718948364,4.68583869934082,1.7114143371582031
443,4.615525722503662,1.7367573976516724,4.474615573883057,1.6395598649978638
444,4.546774864196777,1.687029480934143,4.43845796585083,1.6445493698120117
445,4.571661949157715,1.6985853910446167,4.712022304534912,1.723340630531311
446,4.761030197143555,1.7523561716079712,5.0383501052856445,1.8193646669387817
447,4.6992058753967285,1.7363415956497192,4.486237049102783,1.6975579261779785
448,4.58912992477417,1.7211813926696777,4.818356513977051,1.7608484029769897
449,4.638705730438232,1.7375661134719849,4.436609268188477,1.6469273567199707
450,4.557486534118652,1.6925450563430786,4.50520133972168,1.6518423557281494
451,4.565243721008301,1.6928085088729858,4.58772087097168,1.670982003211975
452,4.580878734588623,1.7082717418670654,4.524084568023682,1.649117112159729
453,4.546928405761719,1.6882706880569458,4.4428324699401855,1.6516156196594238
454,4.546629428863525,1.6888598203659058,4.521933555603027,1.6444432735443115
455,4.546491622924805,1.689380407333374,4.439490795135498,1.6654233932495117
456,4.674535274505615,1.7277145385742188,4.638026714324951,1.8114696741104126
457,4.743827819824219,1.7901321649551392,4.420492649078369,1.6504909992218018
458,4.6097564697265625,1.7088719606399536,5.184093952178955,1.817208170890808
459,4.906790256500244,1.782248616218567,4.430974006652832,1.6387550830841064
460,4.561975955963135,1.6888054609298706,4.430228233337402,1.669034481048584
461,4.595110893249512,1.705391764640808,4.449362277984619,1.6376473903656006
462,4.542419910430908,1.6911193132400513,4.481931686401367,1.6363521814346313
463,4.541382789611816,1.691678524017334,4.467004299163818,1.6345038414001465
464,4.546766757965088,1.6921695470809937,4.545005798339844,1.6482398509979248
465,4.828481674194336,1.7890369892120361,6.360831260681152,2.0543911457061768
466,6.076712608337402,2.0401711463928223,6.5411376953125,2.0840885639190674
467,5.557704448699951,1.9309622049331665,4.425121307373047,1.6403080224990845
468,4.540834903717041,1.6844578981399536,4.418814659118652,1.6417236328125
469,4.5461273193359375,1.6864259243011475,4.63726282119751,1.6999292373657227
470,4.566228866577148,1.7125126123428345,4.407706260681152,1.6407774686813354
471,4.559935569763184,1.6994774341583252,4.401609897613525,1.6420934200286865
472,4.541171550750732,1.6942154169082642,4.593926906585693,1.6719623804092407
473,4.560962200164795,1.7031902074813843,4.424225807189941,1.6421273946762085
474,4.5571980476379395,1.6882075071334839,4.436483860015869,1.6691739559173584
475,4.577972888946533,1.701597809791565,4.449501991271973,1.6315513849258423
476,4.53240966796875,1.6877466440200806,4.407902717590332,1.6385518312454224
477,4.556340217590332,1.7004551887512207,4.4036054611206055,1.6626487970352173
478,4.5973334312438965,1.713940978050232,4.407588005065918,1.6415237188339233
479,4.531955242156982,1.6882362365722656,4.536631107330322,1.6504546403884888
480,4.54990816116333,1.704733967781067,4.511115550994873,1.63624107837677
481,4.5790886878967285,1.6964263916015625,4.62529182434082,1.6772199869155884
482,4.54717493057251,1.6995837688446045,4.436192989349365,1.6894912719726562
483,4.589568614959717,1.724104404449463,4.922238349914551,1.7810195684432983
484,4.818809986114502,1.7657010555267334,4.565179347991943,1.664314866065979
485,4.549116611480713,1.6970549821853638,4.445436477661133,1.6447890996932983
486,4.549674987792969,1.685957908630371,4.415318965911865,1.6598844528198242
487,4.578211307525635,1.7103726863861084,4.426755905151367,1.6467212438583374
488,4.533211708068848,1.6847705841064453,4.58145809173584,1.6669492721557617
489,4.542761325836182,1.6909584999084473,4.430188179016113,1.6390258073806763
490,4.5210771560668945,1.684065818786621,4.5407490730285645,1.6404595375061035
491,4.564424991607666,1.6977698802947998,4.480068206787109,1.6457405090332031
492,4.557302474975586,1.678110957145691,4.56238317489624,1.662320613861084
493,4.580035209655762,1.6985831260681152,4.607193946838379,1.6715493202209473
494,4.598358631134033,1.714085340499878,4.680320739746094,1.6850664615631104
495,4.549020290374756,1.6894382238388062,4.430772304534912,1.6776469945907593
496,4.6093902587890625,1.7281583547592163,4.427392482757568,1.6667710542678833
497,4.567358016967773,1.709315538406372,4.4110941886901855,1.6427124738693237
498,4.553483963012695,1.6970537900924683,4.887014865875244,1.7483094930648804
499,4.597953796386719,1.7013897895812988,4.435487270355225,1.6824390888214111
500,4.5680389404296875,1.7142525911331177,4.4638991355896,1.6306589841842651
501,4.514380931854248,1.6899889707565308,4.427834510803223,1.6366832256317139
502,4.5244460105896,1.6841835975646973,4.4012770652771,1.6491388082504272
503,4.529647350311279,1.6920803785324097,4.423902988433838,1.6329164505004883
504,4.54005241394043,1.688295602798462,4.397149562835693,1.643446445465088
505,4.542982578277588,1.7082016468048096,4.391229629516602,1.645260214805603
506,4.568068504333496,1.6990736722946167,4.395775318145752,1.6671215295791626
507,4.6197285652160645,1.7084455490112305,4.418168067932129,1.6796722412109375
508,4.573826789855957,1.7244677543640137,4.638686180114746,1.6980875730514526
509,4.538924217224121,1.6983988285064697,4.3939433097839355,1.6589303016662598
510,4.559839725494385,1.704768180847168,4.881038665771484,1.7471466064453125
511,4.65552282333374,1.716814637184143,4.386381149291992,1.6427974700927734
512,4.605659008026123,1.7099157571792603,5.249613285064697,1.8540763854980469
513,5.004638671875,1.789371371269226,4.468881607055664,1.6277903318405151
514,4.507082939147949,1.6808539628982544,4.443805694580078,1.6269493103027344
515,4.500721454620361,1.6856884956359863,4.418233871459961,1.6287775039672852
516,4.505857467651367,1.6865557432174683,4.409062385559082,1.6307405233383179
517,4.503262042999268,1.6892374753952026,4.4284348487854,1.6286394596099854
518,4.512935638427734,1.69107985496521,4.526961803436279,1.646837592124939
519,4.548498153686523,1.6996816396713257,4.5040483474731445,1.634745717048645
520,4.540148735046387,1.698293685913086,4.528003692626953,1.6421754360198975
521,4.561694145202637,1.697553038597107,4.833066463470459,1.7340666055679321
522,4.609737873077393,1.7058387994766235,4.388338088989258,1.6421159505844116
523,4.516543388366699,1.6910810470581055,4.462162971496582,1.628537893295288
524,4.502466678619385,1.6841137409210205,4.443994045257568,1.6311970949172974
525,4.555830001831055,1.6926072835922241,4.644430637359619,1.7000412940979004
526,4.550262451171875,1.7011836767196655,4.429261684417725,1.6468610763549805
527,4.5507917404174805,1.6874661445617676,4.415876865386963,1.6662094593048096
528,4.5421223640441895,1.7015595436096191,4.69873571395874,1.7095918655395508
529,4.567599296569824,1.6922850608825684,4.404265403747559,1.6341675519943237
530,4.502982139587402,1.682880163192749,4.44830322265625,1.6261792182922363
531,4.509994029998779,1.688927173614502,4.535305500030518,1.6459816694259644
532,4.509207248687744,1.6851603984832764,4.4541192054748535,1.6285083293914795
533,4.498956203460693,1.6852357387542725,4.516077041625977,1.6396955251693726
534,4.509239673614502,1.6810940504074097,4.417311191558838,1.6397982835769653
535,4.527684688568115,1.690175175666809,4.4312310218811035,1.6446123123168945
536,4.601887226104736,1.7032791376113892,5.335961818695068,1.8499969244003296
537,5.077123165130615,1.7959063053131104,4.521059036254883,1.657715082168579
538,4.541886806488037,1.6894959211349487,4.53643274307251,1.6483054161071777
539,4.527440071105957,1.6908022165298462,4.481409549713135,1.6372480392456055
540,4.530174255371094,1.6873778104782104,4.596370697021484,1.6700680255889893
541,4.538164138793945,1.6884478330612183,4.449122905731201,1.6431920528411865
542,4.513357162475586,1.6795759201049805,4.438190937042236,1.6334285736083984
543,4.5041584968566895,1.6871089935302734,4.480414390563965,1.6348371505737305
544,4.503830909729004,1.6807267665863037,4.416706085205078,1.6314418315887451
545,4.508297443389893,1.692036509513855,4.393686771392822,1.6514232158660889
546,4.51494836807251,1.6935380697250366,4.676082134246826,1.6871856451034546
547,4.562585830688477,1.6916059255599976,4.426753997802734,1.6393476724624634
548,4.510590076446533,1.680290937423706,4.611199855804443,1.6699888706207275
549,4.5199174880981445,1.6824345588684082,4.40241003036499,1.6687904596328735
550,4.592127323150635,1.722679615020752,4.398635387420654,1.6664024591445923
551,4.531041622161865,1.7010493278503418,4.494783878326416,1.6364707946777344
552,4.506106376647949,1.691035509109497,4.533863067626953,1.6510142087936401
553,4.4991350173950195,1.687726378440857,4.374213695526123,1.6594842672348022
554,4.549661636352539,1.7181580066680908,4.376660346984863,1.6413850784301758
555,4.509495258331299,1.6945048570632935,4.721810340881348,1.6978381872177124
556,4.617506504058838,1.696439266204834,4.436771392822266,1.6212742328643799
557,4.494441032409668,1.6864629983901978,4.580205917358398,1.664504051208496
558,4.5147929191589355,1.6817011833190918,4.42848539352417,1.6229034662246704
559,4.485591888427734,1.6900596618652344,4.399483680725098,1.626303791999817
560,4.533658981323242,1.6897482872009277,4.419167995452881,1.691860556602478
561,4.63559627532959,1.7303541898727417,4.384912014007568,1.667095422744751
562,4.599903106689453,1.7204792499542236,5.280384540557861,1.839679479598999
563,5.023545265197754,1.7962826490402222,4.408478736877441,1.6484872102737427
564,4.533555507659912,1.6790237426757812,4.504497051239014,1.6428838968276978
565,4.488365173339844,1.6796602010726929,4.421518325805664,1.6200451850891113
566,4.488649368286133,1.6883918046951294,4.365968227386475,1.6397608518600464
567,4.518448829650879,1.6964432001113892,4.411512851715088,1.6262937784194946
568,4.565848350524902,1.6908469200134277,5.222513198852539,1.820414662361145
569,4.769420146942139,1.750388503074646,4.432348251342773,1.6222397089004517
570,4.475188255310059,1.6832304000854492,4.4509596824646,1.6236575841903687
571,4.5085344314575195,1.6945477724075317,4.712241172790527,1.6975458860397339
572,4.535274982452393,1.6762723922729492,4.369343280792236,1.6374162435531616
573,4.531084060668945,1.6962445974349976,4.365475654602051,1.652295470237732
574,4.623813629150391,1.7262156009674072,4.444513320922852,1.7210655212402344
575,4.6776814460754395,1.758954644203186,4.360401630401611,1.6543024778366089
576,4.522431373596191,1.6911290884017944,4.411620616912842,1.6174236536026
577,4.487819671630859,1.688689947128296,4.356204986572266,1.6360044479370117
578,4.5152153968811035,1.6919132471084595,4.422900676727295,1.6204744577407837
579,4.529412746429443,1.6890966892242432,4.4492106437683105,1.7091169357299805
580,4.584617614746094,1.7324661016464233,4.592058181762695,1.6816250085830688
581,4.583277225494385,1.7018433809280396,4.913946628570557,1.9136669635772705
582,4.809967041015625,1.8667179346084595,4.790218353271484,1.739055871963501
583,4.5316033363342285,1.6944836378097534,4.358275413513184,1.6573560237884521
584,4.5306243896484375,1.7000713348388672,4.580453395843506,1.6737470626831055
585,4.485515594482422,1.681888222694397,4.34738826751709,1.6316989660263062
586,4.497304439544678,1.6865806579589844,4.451300144195557,1.630706548690796
587,4.537893295288086,1.6970727443695068,4.835963249206543,1.750546932220459
588,4.7659783363342285,1.7476108074188232,4.6733503341674805,1.715082049369812
589,4.538301944732666,1.6938689947128296,4.382483959197998,1.6185147762298584
590,4.470240592956543,1.684678077697754,4.408778190612793,1.615089774131775
591,4.477463722229004,1.6871813535690308,4.357130527496338,1.6279937028884888
592,4.493555068969727,1.6873804330825806,4.388850212097168,1.6167954206466675
593,4.480345726013184,1.686470627784729,4.348329067230225,1.6403729915618896
594,4.500622272491455,1.6950844526290894,4.454715728759766,1.6316560506820679
595,4.480183124542236,1.6835144758224487,4.360131740570068,1.6445599794387817
596,4.51899528503418,1.697139024734497,4.430119037628174,1.6196362972259521
597,4.480959892272949,1.6814939975738525,4.362909317016602,1.6332981586456299
598,4.493959903717041,1.6825014352798462,4.484335422515869,1.641140341758728
599,4.480687141418457,1.6788583993911743,4.355420112609863,1.6370341777801514
600,4.51064920425415,1.6918141841888428,4.407298564910889,1.6164299249649048
601,4.4647393226623535,1.6847106218338013,4.509881019592285,1.6515003442764282
602,4.515985012054443,1.7002204656600952,4.837215900421143,1.7259092330932617
603,4.58444881439209,1.6998589038848877,4.408316612243652,1.6147865056991577
604,4.459960460662842,1.6825071573257446,4.4612908363342285,1.6381778717041016
605,4.481727600097656,1.6898056268692017,4.649746417999268,1.6900936365127563
606,4.492791652679443,1.677993893623352,4.353478908538818,1.662531852722168
607,4.589064121246338,1.727211594581604,4.344435691833496,1.644423246383667
608,4.5360260009765625,1.7010442018508911,4.959148406982422,1.7603217363357544
609,4.817927360534668,1.7435122728347778,4.39268159866333,1.6393842697143555
610,4.512528419494629,1.6800196170806885,4.4328413009643555,1.6257846355438232
611,4.503898620605469,1.684395670890808,4.410611629486084,1.634824275970459
612,4.520593166351318,1.6800808906555176,4.765999794006348,1.735395073890686
613,4.523235321044922,1.6900726556777954,4.371562957763672,1.6512069702148438
614,4.541753768920898,1.7083028554916382,4.372724533081055,1.6333518028259277
615,4.554367542266846,1.7098453044891357,4.383001804351807,1.6767003536224365
616,4.622608661651611,1.7323518991470337,4.355413913726807,1.6603740453720093
617,4.551537990570068,1.7161104679107666,4.373012065887451,1.621143102645874
618,4.488154888153076,1.6890140771865845,4.612405300140381,1.6878515481948853
619,4.644522190093994,1.7003319263458252,4.602197647094727,1.6900233030319214
620,4.51441764831543,1.6874897480010986,4.4136199951171875,1.6368422508239746
621,4.490724086761475,1.67972993850708,4.506059169769287,1.6473517417907715
622,4.499593734741211,1.6801996231079102,4.546170711517334,1.659572720527649
623,4.501513957977295,1.6785045862197876,4.567824363708496,1.6678581237792969
624,4.634521484375,1.700684905052185,4.778967380523682,1.7160066366195679
625,4.526348114013672,1.6711113452911377,4.3681321144104,1.6476472616195679
626,4.538208961486816,1.6980044841766357,4.362273693084717,1.659022331237793
627,4.55322265625,1.7137771844863892,4.356776237487793,1.6490721702575684
628,4.5233283042907715,1.7076369524002075,4.363168239593506,1.6342815160751343
629,4.511040210723877,1.6930238008499146,4.349979877471924,1.6411608457565308
630,4.478156089782715,1.6933711767196655,4.573269844055176,1.6707842350006104
631,4.467720985412598,1.6803505420684814,4.381465911865234,1.618331789970398
632,4.450771331787109,1.6843526363372803,4.469149112701416,1.6409451961517334
633,4.449535369873047,1.6809437274932861,4.43819522857666,1.6294984817504883
634,4.447777271270752,1.6855098009109497,4.477380752563477,1.6436777114868164
635,4.448480129241943,1.6851179599761963,4.398573398590088,1.6145116090774536
636,4.447096347808838,1.6807150840759277,4.371933937072754,1.6133956909179688
637,4.508307933807373,1.697312355041504,4.810788154602051,1.7413944005966187
638,4.562884330749512,1.6952999830245972,4.366949558258057,1.6214498281478882
639,4.459817886352539,1.6800296306610107,4.415218830108643,1.6221683025360107
640,4.445228099822998,1.678511619567871,4.430729389190674,1.6284831762313843
641,4.490477561950684,1.6930410861968994,4.617603778839111,1.68379807472229
642,4.669580936431885,1.7083740234375,4.75026798248291,1.7124794721603394
643,4.5537567138671875,1.6837447881698608,4.484649658203125,1.647823691368103
644,4.500472545623779,1.6959455013275146,4.6556267738342285,1.692360758781433
645,4.502938747406006,1.6735317707061768,4.377803802490234,1.6746222972869873
646,4.558289527893066,1.7145603895187378,4.759088039398193,1.7129181623458862
647,4.608007431030273,1.699315071105957,4.489815711975098,1.650661826133728
648,4.454100608825684,1.674473762512207,4.347664833068848,1.6247270107269287
649,4.467512130737305,1.687041997909546,4.4387922286987305,1.6338592767715454
650,4.46176815032959,1.6809779405593872,4.596041679382324,1.6771827936172485
651,4.512080192565918,1.68855619430542,4.557794094085693,1.6687294244766235
652,4.498326778411865,1.6948506832122803,4.580742359161377,1.674013614654541
653,4.476597785949707,1.6818277835845947,4.447000026702881,1.6394572257995605
654,4.457535266876221,1.6848293542861938,4.333882808685303,1.6481869220733643
655,4.574553489685059,1.7159408330917358,4.336269378662109,1.6559789180755615
656,4.563511371612549,1.708494782447815,4.327356815338135,1.6303881406784058
657,4.524921894073486,1.709202527999878,4.327230453491211,1.6412626504898071
658,4.496678829193115,1.692143201828003,4.371711254119873,1.6120424270629883
659,4.450072765350342,1.6848664283752441,4.375231742858887,1.6089496612548828
660,4.438520908355713,1.6788781881332397,4.488216400146484,1.6517125368118286
661,4.545893669128418,1.6901639699935913,4.815095901489258,1.7252687215805054
662,4.546136379241943,1.6837290525436401,4.33934211730957,1.6149568557739258
663,4.519981384277344,1.6959468126296997,4.3426055908203125,1.6594352722167969
664,4.52366304397583,1.6994962692260742,4.441229343414307,1.6402318477630615
665,4.433809757232666,1.6781554222106934,4.443080902099609,1.6403589248657227
666,4.438359260559082,1.677809476852417,4.336410045623779,1.6137187480926514
667,4.459566593170166,1.6852926015853882,4.616312026977539,1.6865218877792358
668,4.458706378936768,1.6674209833145142,4.3274078369140625,1.6241655349731445
669,4.462061405181885,1.689904808998108,4.521381855010986,1.66215980052948
670,4.486224174499512,1.6884498596191406,4.470705986022949,1.6465175151824951
671,4.49999475479126,1.6779807806015015,4.736645698547363,1.716183066368103
672,4.623193740844727,1.6923165321350098,4.573423862457275,1.6761040687561035
673,4.458343982696533,1.6650021076202393,4.383342266082764,1.6173949241638184
674,4.445127487182617,1.6772141456604004,4.432987213134766,1.6332712173461914
675,4.4429731369018555,1.6755346059799194,4.364042282104492,1.6173063516616821
676,4.463938236236572,1.6804471015930176,4.338197231292725,1.626096248626709
677,4.458932399749756,1.691274642944336,4.38864278793335,1.6202574968338013
678,4.4490580558776855,1.6836525201797485,4.331666469573975,1.634971022605896
679,4.465900897979736,1.6936748027801514,4.49891471862793,1.6581989526748657
680,4.475999355316162,1.6949868202209473,4.596461772918701,1.6829431056976318
681,4.452765941619873,1.6737302541732788,4.331323146820068,1.6229162216186523
682,4.507656574249268,1.7077782154083252,4.3253397941589355,1.6453953981399536
683,4.523325443267822,1.7088805437088013,4.33083438873291,1.6195416450500488
684,4.450587749481201,1.687849760055542,4.517483711242676,1.662716269493103
685,4.43773078918457,1.6704046726226807,4.325229644775391,1.6250098943710327
686,4.47002649307251,1.689379096031189,4.654033184051514,1.69463312625885
687,4.4617767333984375,1.6713452339172363,4.325842380523682,1.6276289224624634
688,4.478076457977295,1.6915878057479858,4.361321449279785,1.6148838996887207
689,4.431219577789307,1.6852153539657593,4.529056072235107,1.666343092918396
690,4.452821731567383,1.677424669265747,4.435779571533203,1.6411339044570923
691,4.425159454345703,1.6797528266906738,4.4569549560546875,1.64826238155365
692,4.424485683441162,1.677583932876587,4.3518500328063965,1.6062835454940796
693,4.467624187469482,1.688372015953064,4.423992156982422,1.632917881011963
694,4.445415496826172,1.671162724494934,4.3299736976623535,1.6163241863250732
695,4.453436374664307,1.6796307563781738,4.430658340454102,1.637818694114685
696,4.428134918212891,1.6734819412231445,4.353791236877441,1.6089526414871216
697,4.439401149749756,1.6771949529647827,4.357980728149414,1.6082391738891602
698,4.433679580688477,1.6802583932876587,4.539616107940674,1.6698497533798218
699,4.625585079193115,1.693578839302063,4.854897975921631,1.7431933879852295
700,4.5788164138793945,1.6931757926940918,4.428348064422607,1.634376883506775
701,4.447543621063232,1.6770989894866943,4.3408894538879395,1.6248925924301147
702,4.500611782073975,1.6989943981170654,4.330503463745117,1.6403952836990356
703,4.498868942260742,1.7026612758636475,4.348945617675781,1.6190869808197021
704,4.450031280517578,1.697140097618103,4.354650020599365,1.6165653467178345
705,4.4305949211120605,1.6856043338775635,4.590847492218018,1.6792378425598145
706,4.483283042907715,1.6778382062911987,4.402068614959717,1.6387003660202026
707,4.433121204376221,1.6880773305892944,4.429400444030762,1.648358702659607
708,4.459558486938477,1.6929409503936768,4.327157497406006,1.6513539552688599
709,4.514145851135254,1.7039459943771362,4.721107006072998,1.7116408348083496
710,4.681081295013428,1.721850037574768,4.7691874504089355,1.7203776836395264
711,4.5526604652404785,1.7080504894256592,4.466808319091797,1.6548062562942505
712,4.444958209991455,1.6843528747558594,4.5717644691467285,1.6801958084106445
713,4.458050727844238,1.6749681234359741,4.36121940612793,1.6778745651245117
714,4.602072715759277,1.7167489528656006,4.34374475479126,1.6122032403945923
715,4.437094211578369,1.6848174333572388,4.603401184082031,1.6894410848617554
716,4.610130310058594,1.7222943305969238,5.3795390129089355,1.8239173889160156
717,5.183009147644043,1.8124358654022217,4.315553665161133,1.6223880052566528
718,4.482995986938477,1.6814254522323608,4.466516017913818,1.656843900680542
719,4.4374189376831055,1.6747970581054688,4.3212785720825195,1.6160098314285278
720,4.489202976226807,1.6891008615493774,4.367430210113525,1.6095170974731445
721,4.467162609100342,1.681234359741211,4.468003749847412,1.6535369157791138
722,4.460052967071533,1.678434133529663,4.355068206787109,1.6230982542037964
723,4.477720260620117,1.6844696998596191,4.369426250457764,1.614770531654358
724,4.4657511711120605,1.681802749633789,4.333897590637207,1.6174898147583008
725,4.455521583557129,1.683185338973999,4.342249870300293,1.6095372438430786
726,4.518392562866211,1.701454758644104,5.256192684173584,1.8138939142227173
727,5.002965450286865,1.7602335214614868,4.3727874755859375,1.6450682878494263
728,4.514029026031494,1.6835041046142578,4.394550323486328,1.6203536987304688
729,4.535246849060059,1.6894747018814087,4.885761260986328,1.7642478942871094
730,4.526402473449707,1.6826597452163696,4.342829704284668,1.651047706604004
731,4.493778705596924,1.6965229511260986,4.474035739898682,1.6539603471755981
732,4.421000957489014,1.6684876680374146,4.365143775939941,1.6112827062606812
733,4.445664405822754,1.681766152381897,4.340768337249756,1.6159549951553345
734,4.433637619018555,1.6857643127441406,4.423915863037109,1.636888027191162
735,4.420406341552734,1.67660391330719,4.366796493530273,1.6285663843154907
736,4.416701793670654,1.6835418939590454,4.47707986831665,1.6577470302581787
737,4.41278600692749,1.6756612062454224,4.336045742034912,1.6131269931793213
738,4.419544696807861,1.6852327585220337,4.474491596221924,1.6557998657226562
739,4.414064407348633,1.6758129596710205,4.423524379730225,1.6394835710525513
740,4.438723564147949,1.6809682846069336,4.677268981933594,1.7011536359786987
741,4.633877277374268,1.716098427772522,4.766749858856201,1.7186402082443237
742,4.488352298736572,1.6815916299819946,4.313294887542725,1.6229230165481567
743,4.478090286254883,1.7017343044281006,4.3240647315979,1.6144895553588867
744,4.444852828979492,1.6840932369232178,4.343757152557373,1.6119906902313232
745,4.431896686553955,1.6844475269317627,4.680688381195068,1.7034151554107666
746,4.460182189941406,1.6736440658569336,4.326185703277588,1.6046228408813477
747,4.41943883895874,1.6816483736038208,4.523029327392578,1.6675148010253906
748,4.410032749176025,1.6654415130615234,4.3218841552734375,1.608969807624817
749,4.4372406005859375,1.6838864088058472,4.424537658691406,1.6418882608413696
750,4.4095940589904785,1.6726362705230713,4.539244651794434,1.6726627349853516
751,4.547037124633789,1.6971615552902222,4.89736795425415,1.7437200546264648
752,4.520445823669434,1.6814384460449219,4.312622547149658,1.6114323139190674
753,4.436764240264893,1.6860480308532715,4.506899833679199,1.6657917499542236
754,4.415853500366211,1.663026213645935,4.312115669250488,1.6189314126968384
755,4.4650750160217285,1.6956926584243774,4.331460475921631,1.60547935962677
756,4.419920921325684,1.6892274618148804,4.397355556488037,1.6349176168441772
757,4.412293434143066,1.6791229248046875,4.325684547424316,1.6081645488739014
758,4.41855001449585,1.68254816532135,4.510469436645508,1.6643973588943481
759,4.405471324920654,1.6676088571548462,4.341079235076904,1.6054784059524536
760,4.421751976013184,1.6816926002502441,4.364988327026367,1.6184062957763672
761,4.399877071380615,1.6762189865112305,4.503709316253662,1.6625207662582397
762,4.420823097229004,1.672542929649353,4.457690715789795,1.6517654657363892
763,4.409130573272705,1.6730351448059082,4.470386505126953,1.655470371246338
764,4.398453712463379,1.6729308366775513,4.364825248718262,1.6246416568756104
765,4.43936824798584,1.6865122318267822,4.304853439331055,1.6336106061935425
766,4.461838245391846,1.693047046661377,4.423544883728027,1.6438891887664795
767,4.405009746551514,1.6732136011123657,4.545108795166016,1.6732336282730103
768,4.416471481323242,1.669986367225647,4.399754047393799,1.6344023942947388
769,4.405478477478027,1.6744730472564697,4.318519592285156,1.6096655130386353
770,4.416786193847656,1.682517409324646,4.470958232879639,1.655359148979187
771,4.396986961364746,1.6655566692352295,4.330966949462891,1.6025490760803223
772,4.434388160705566,1.6861058473587036,4.330939292907715,1.6080504655838013
773,4.406186103820801,1.679948091506958,4.523756504058838,1.6681747436523438
774,4.426862716674805,1.673156976699829,4.525290489196777,1.6693363189697266
775,4.4080095291137695,1.6699594259262085,4.369022846221924,1.622305989265442
776,4.401041030883789,1.6775678396224976,4.623312950134277,1.6899137496948242
777,4.446238994598389,1.6759577989578247,4.417816638946533,1.640564203262329
778,4.396455764770508,1.672205924987793,4.384156703948975,1.6294673681259155
779,4.444369792938232,1.6806482076644897,4.308650970458984,1.641750693321228
780,4.497953414916992,1.7031495571136475,4.355031490325928,1.6217775344848633
781,4.392242908477783,1.677779197692871,4.493694305419922,1.662150502204895
782,4.397474765777588,1.6673439741134644,4.313107013702393,1.6148000955581665
783,4.418854713439941,1.6789897680282593,4.421398162841797,1.6438109874725342
784,4.386324405670166,1.6667842864990234,4.355838298797607,1.621720314025879
785,4.447025299072266,1.6877429485321045,4.300205230712891,1.6406928300857544
786,4.517748832702637,1.7049230337142944,4.326200008392334,1.6106501817703247
787,4.425780773162842,1.6842339038848877,4.350574493408203,1.6166369915008545
788,4.4463582038879395,1.6875860691070557,4.756219863891602,1.7364853620529175
789,4.465686798095703,1.6685956716537476,4.3452019691467285,1.6115550994873047
790,4.414028644561768,1.6726661920547485,4.34312105178833,1.611549973487854
791,4.411552906036377,1.6803051233291626,4.396307945251465,1.6350337266921997
792,4.398350715637207,1.6694583892822266,4.397133827209473,1.6347973346710205
793,4.402782440185547,1.669546127319336,4.366039276123047,1.6214450597763062
794,4.402334690093994,1.6693451404571533,4.368382453918457,1.62358820438385
795,4.393834114074707,1.673502802848816,4.525282382965088,1.671750545501709
796,4.4013895988464355,1.6636792421340942,4.385778903961182,1.6296753883361816
797,4.3824615478515625,1.6725425720214844,4.466948986053467,1.6545747518539429
798,4.405520915985107,1.6716461181640625,4.309759616851807,1.6339178085327148
799,4.4598517417907715,1.6969817876815796,4.367264270782471,1.6295708417892456
800,4.4004316329956055,1.6756285429000854,4.411368370056152,1.6484034061431885
801,4.388533115386963,1.673924207687378,4.375432968139648,1.631248116493225
802,4.428333282470703,1.6812671422958374,4.775215148925781,1.7226486206054688
803,4.614866256713867,1.6822155714035034,4.348695755004883,1.6165741682052612
804,4.404444217681885,1.675459623336792,4.362807750701904,1.6233431100845337
805,4.403101444244385,1.6734309196472168,4.34237813949585,1.6158071756362915
806,4.411322116851807,1.682429552078247,4.34287691116333,1.613208532333374
807,4.39324426651001,1.6745097637176514,4.439747333526611,1.6484501361846924
808,4.405392646789551,1.6700682640075684,4.38956356048584,1.6453862190246582
809,4.392478942871094,1.6778689622879028,4.359109401702881,1.6303006410598755
810,4.421380996704102,1.6768258810043335,4.295949459075928,1.6314188241958618
811,4.523386001586914,1.7066553831100464,4.296785831451416,1.6265783309936523
812,4.4644012451171875,1.6969521045684814,4.783691883087158,1.7223255634307861
813,4.501797199249268,1.6583307981491089,4.304555892944336,1.6098363399505615
814,4.41783332824707,1.6839882135391235,4.480342864990234,1.661853313446045
815,4.384683132171631,1.6602691411972046,4.374523162841797,1.628914475440979
816,4.401849746704102,1.6787924766540527,4.7192254066467285,1.7128959894180298
817,4.4380574226379395,1.6639752388000488,4.304553031921387,1.6163839101791382
818,4.459507465362549,1.6997325420379639,4.3415679931640625,1.6303225755691528
819,4.404191017150879,1.6840895414352417,4.651827335357666,1.6968516111373901
820,4.432002544403076,1.6709429025650024,4.328872203826904,1.6181387901306152
821,4.38962984085083,1.6788740158081055,4.512002468109131,1.668434739112854
822,4.387171268463135,1.6645450592041016,4.3176093101501465,1.6157294511795044
823,4.400010585784912,1.6820831298828125,4.491363048553467,1.6649589538574219
824,4.408468723297119,1.6730711460113525,4.303031921386719,1.6328686475753784
825,4.451299667358398,1.693233847618103,4.478304862976074,1.6628711223602295
826,4.387861728668213,1.6691181659698486,4.3092803955078125,1.6132324934005737
827,4.444713592529297,1.6929799318313599,4.313856601715088,1.6111183166503906
828,4.445634841918945,1.697535514831543,4.301716327667236,1.6144664287567139
829,4.481670379638672,1.703037142753601,4.296151638031006,1.624350666999817
830,4.454928874969482,1.6937116384506226,4.377669811248779,1.634462833404541
831,4.371111869812012,1.66781747341156,4.402465343475342,1.6419142484664917
832,4.375668525695801,1.6662765741348267,4.352955341339111,1.6227443218231201
833,4.379761695861816,1.6701592206954956,4.414671421051025,1.6459163427352905
834,4.374989986419678,1.6688872575759888,4.503808498382568,1.667841911315918
835,4.386056423187256,1.6591590642929077,4.332505702972412,1.6226328611373901
836,4.40532922744751,1.682020664215088,4.343530654907227,1.628265619277954
837,4.3844404220581055,1.675950527191162,4.528110980987549,1.6751042604446411
838,4.414165496826172,1.6782712936401367,4.5665812492370605,1.6830581426620483
839,4.3936333656311035,1.658267617225647,4.319671630859375,1.618183970451355
840,4.389612674713135,1.678440809249878,4.503465175628662,1.6692575216293335
841,4.383359909057617,1.666740894317627,4.360945224761963,1.6281280517578125
842,4.411777973175049,1.6789737939834595,4.730753421783447,1.7188456058502197
843,4.443591594696045,1.6612061262130737,4.32008171081543,1.6049588918685913
844,4.419915676116943,1.682051181793213,4.333974838256836,1.6133270263671875
845,4.414498329162598,1.6816751956939697,4.858828544616699,1.7375839948654175
846,4.595179080963135,1.6816825866699219,4.365451335906982,1.6273763179779053
847,4.369816780090332,1.6687973737716675,4.4273858070373535,1.6470202207565308
848,4.37380838394165,1.6633607149124146,4.31427001953125,1.6075726747512817
849,4.392429351806641,1.6796048879623413,4.491814136505127,1.664137840270996
850,4.448953151702881,1.6855496168136597,4.6684770584106445,1.7043395042419434
851,4.45632266998291,1.6682429313659668,4.374334812164307,1.6308144330978394
852,4.39349365234375,1.6636275053024292,4.342897891998291,1.6163150072097778
853,4.423509120941162,1.676909327507019,4.309134483337402,1.603229284286499
854,4.4044904708862305,1.6793912649154663,4.455638408660889,1.6555051803588867
855,4.3770294189453125,1.662773609161377,4.301238059997559,1.6125539541244507
856,4.407076358795166,1.681171178817749,4.54329252243042,1.6759123802185059
857,4.378109455108643,1.6612284183502197,4.299937725067139,1.6099334955215454
858,4.428581714630127,1.6945428848266602,4.351354122161865,1.6281657218933105
859,4.371419429779053,1.6719508171081543,4.441545009613037,1.6543086767196655
860,4.403287410736084,1.6728006601333618,4.3036370277404785,1.6332279443740845
